{
  "tag": "synthetic",
  "n_items": 3600,
  "overall": {
    "n_items": 3600,
    "k_mean": 4.0,
    "chance": 0.25,
    "laa": 0.5209722222222222,
    "laa_ci": [
      0.5055555555555555,
      0.5375034722222222
    ],
    "exploitability": 0.3612962962962962,
    "exploitability_ci": [
      0.34037037037037043,
      0.3820370370370371
    ],
    "delta_mean": 80.96916666666667,
    "delta_effect": 0.6816473217249271,
    "delta_wilcoxon_p": 2.3839871103091914e-255,
    "laa_binom_p": 4.373601964070111e-205,
    "leakage_auc": 0.6981518775720165,
    "leakage_auc_ci": [
      0.6883754896476337,
      0.7077861262217078
    ],
    "rank_distribution": {
      "1": 0.5175,
      "2": 0.22,
      "3": 0.14666666666666667,
      "4": 0.11583333333333333
    }
  },
  "logistic": {
    "beta_per_sd": 0.8122582840223256,
    "se": 0.02123337108765551,
    "p": 0.0,
    "ci_per_sd": [
      0.7706408766905208,
      0.8538756913541303
    ],
    "odds_ratio_per_sd": 2.2529901376767936,
    "beta_per_10_units": 0.07956465833923215,
    "odds_ratio_per_10_units": 1.0828155703224955,
    "length_sd": 102.0878240385547
  },
  "per_model": {
    "Model-D": {
      "n_items": 600,
      "k_mean": 4.0,
      "chance": 0.25,
      "laa": 0.4175,
      "laa_ci": [
        0.37833333333333335,
        0.45585416666666656
      ],
      "exploitability": 0.2233333333333333,
      "exploitability_ci": [
        0.17333333333333334,
        0.27666666666666667
      ],
      "delta_mean": 47.06111111111111,
      "delta_effect": 0.4443206771457103,
      "delta_wilcoxon_p": 1.2977775340819105e-23,
      "laa_binom_p": 4.79015986722449e-16,
      "leakage_auc": 0.6278925925925926,
      "leakage_auc_ci": [
        0.6044476736111111,
        0.651624525462963
      ],
      "rank_distribution": {
        "1": 0.41333333333333333,
        "2": 0.2633333333333333,
        "3": 0.18,
        "4": 0.14333333333333334
      }
    },
    "Model-C": {
      "n_items": 600,
      "k_mean": 4.0,
      "chance": 0.25,
      "laa": 0.5333333333333333,
      "laa_ci": [
        0.49416666666666664,
        0.5725
      ],
      "exploitability": 0.37777777777777777,
      "exploitability_ci": [
        0.3222222222222222,
        0.43111111111111117
      ],
      "delta_mean": 84.275,
      "delta_effect": 0.7836225808943497,
      "delta_wilcoxon_p": 3.176594659276427e-53,
      "laa_binom_p": 1.35438166098558e-38,
      "leakage_auc": 0.7192287037037037,
      "leakage_auc_ci": [
        0.6965980671296297,
        0.740855451388889
      ],
      "rank_distribution": {
        "1": 0.5283333333333333,
        "2": 0.23833333333333334,
        "3": 0.13,
        "4": 0.10333333333333333
      }
    },
    "Model-F": {
      "n_items": 600,
      "k_mean": 4.0,
      "chance": 0.25,
      "laa": 0.33166666666666667,
      "laa_ci": [
        0.2941666666666667,
        0.37002083333333324
      ],
      "exploitability": 0.10888888888888888,
      "exploitability_ci": [
        0.05777777777777778,
        0.15888888888888886
      ],
      "delta_mean": 22.151666666666667,
      "delta_effect": 0.22018423025039144,
      "delta_wilcoxon_p": 4.281166374777969e-07,
      "laa_binom_p": 2.277928247461516e-05,
      "leakage_auc": 0.5626513888888889,
      "leakage_auc_ci": [
        0.5393568287037037,
        0.5875944097222222
      ],
      "rank_distribution": {
        "1": 0.32666666666666666,
        "2": 0.25833333333333336,
        "3": 0.22333333333333333,
        "4": 0.19166666666666668
      }
    },
    "Model-B": {
      "n_items": 600,
      "k_mean": 4.0,
      "chance": 0.25,
      "laa": 0.6433333333333333,
      "laa_ci": [
        0.605,
        0.6816666666666666
      ],
      "exploitability": 0.5244444444444444,
      "exploitability_ci": [
        0.47555555555555556,
        0.5755555555555555
      ],
      "delta_mean": 122.64555555555557,
      "delta_effect": 1.1066006222874707,
      "delta_wilcoxon_p": 7.51424140807169e-77,
      "laa_binom_p": 3.046473990751636e-69,
      "leakage_auc": 0.793875,
      "leakage_auc_ci": [
        0.7752255787037037,
        0.8136420949074075
      ],
      "rank_distribution": {
        "1": 0.6416666666666667,
        "2": 0.20666666666666667,
        "3": 0.10166666666666667,
        "4": 0.05
      }
    },
    "Model-A": {
      "n_items": 600,
      "k_mean": 4.0,
      "chance": 0.25,
      "laa": 0.8008333333333333,
      "laa_ci": [
        0.7675,
        0.8316666666666667
      ],
      "exploitability": 0.7344444444444443,
      "exploitability_ci": [
        0.688888888888889,
        0.7766944444444444
      ],
      "delta_mean": 172.38777777777776,
      "delta_effect": 1.5940198630249076,
      "delta_wilcoxon_p": 4.31237371242364e-93,
      "laa_binom_p": 6.155485383879823e-141,
      "leakage_auc": 0.8832578703703704,
      "leakage_auc_ci": [
        0.8664683101851852,
        0.8993317129629629
      ],
      "rank_distribution": {
        "1": 0.8,
        "2": 0.125,
        "3": 0.04833333333333333,
        "4": 0.02666666666666667
      }
    },
    "Model-E": {
      "n_items": 600,
      "k_mean": 4.0,
      "chance": 0.25,
      "laa": 0.39916666666666667,
      "laa_ci": [
        0.36083333333333334,
        0.43833333333333335
      ],
      "exploitability": 0.1988888888888889,
      "exploitability_ci": [
        0.1455277777777778,
        0.25
      ],
      "delta_mean": 37.293888888888894,
      "delta_effect": 0.3517406997093283,
      "delta_wilcoxon_p": 3.1634838193053404e-14,
      "laa_binom_p": 2.5272845259166237e-13,
      "leakage_auc": 0.6043916666666667,
      "leakage_auc_ci": [
        0.5789299074074075,
        0.6293094560185185
      ],
      "rank_distribution": {
        "1": 0.395,
        "2": 0.22833333333333333,
        "3": 0.19666666666666666,
        "4": 0.18
      }
    }
  },
  "per_subject": {
    "geography": {
      "n_items": 720,
      "k_mean": 4.0,
      "chance": 0.25,
      "laa": 0.5027777777777778,
      "laa_ci": [
        0.4673611111111111,
        0.5409722222222222
      ],
      "exploitability": 0.337037037037037,
      "exploitability_ci": [
        0.29074074074074074,
        0.38611111111111107
      ],
      "delta_mean": 82.05277777777778,
      "delta_effect": 0.7009376427730281,
      "delta_wilcoxon_p": 8.754135055780336e-55,
      "laa_binom_p": 1.028314348955548e-37,
      "leakage_auc": 0.6982101980452675,
      "leakage_auc_ci": [
        0.677028163580247,
        0.719760223765432
      ],
      "rank_distribution": {
        "1": 0.4986111111111111,
        "2": 0.2513888888888889,
        "3": 0.13194444444444445,
        "4": 0.11805555555555555
      }
    },
    "economics": {
      "n_items": 720,
      "k_mean": 4.0,
      "chance": 0.25,
      "laa": 0.5375,
      "laa_ci": [
        0.5027777777777778,
        0.575
      ],
      "exploitability": 0.3833333333333333,
      "exploitability_ci": [
        0.3351851851851852,
        0.4342824074074072
      ],
      "delta_mean": 82.45324074074074,
      "delta_effect": 0.683389049719844,
      "delta_wilcoxon_p": 2.6278879470551564e-53,
      "laa_binom_p": 5.446609107608978e-47,
      "leakage_auc": 0.7014573688271605,
      "leakage_auc_ci": [
        0.6789788532021606,
        0.7253226594650206
      ],
      "rank_distribution": {
        "1": 0.5347222222222222,
        "2": 0.20972222222222223,
        "3": 0.14444444444444443,
        "4": 0.1111111111111111
      }
    },
    "computer_science": {
      "n_items": 720,
      "k_mean": 4.0,
      "chance": 0.25,
      "laa": 0.525,
      "laa_ci": [
        0.48678819444444443,
        0.5611111111111111
      ],
      "exploitability": 0.3666666666666667,
      "exploitability_ci": [
        0.3194444444444444,
        0.4166666666666667
      ],
      "delta_mean": 81.03148148148149,
      "delta_effect": 0.6819327992582779,
      "delta_wilcoxon_p": 3.1604064904469226e-52,