{
  "n_items": 3600,
  "n_options": 14400,
  "logistic": {
    "naive": {
      "method": "pooled logistic, naive SE (INVALID: assumes independent options)",
      "beta_per_sd": 0.8122582840223256,
      "se": 0.02123337108765551,
      "z": 38.25385430646714,
      "p": 0.0,
      "odds_ratio_per_sd": 2.2529901376767936,
      "or_ci_per_sd": [
        2.161150841261469,
        2.3487321956231635
      ]
    },
    "cluster_robust_item": {
      "method": "pooled logistic, cluster-robust SE (item)",
      "beta_per_sd": 0.8122582840223256,
      "se": 0.020253521954511935,
      "z": 40.10454506858628,
      "p": 0.0,
      "odds_ratio_per_sd": 2.2529901376767936,
      "or_ci_per_sd": [
        2.1653053288258266,
        2.3442257740257926
      ],
      "n_clusters": 3600
    },
    "cluster_robust_cell": {
      "method": "pooled logistic, cluster-robust SE (cell)",
      "beta_per_sd": 0.8122582840223256,
      "se": 0.05048764053444674,
      "z": 16.088259927063486,
      "p": 3.0838339377555704e-58,
      "odds_ratio_per_sd": 2.2529901376767936,
      "or_ci_per_sd": [
        2.0407196363667888,
        2.487340480295436
      ],
      "n_clusters": 90
    },
    "conditional_logit_item": {
      "method": "conditional logit, stratified by item (EXACT for 1-of-m)",
      "beta_per_sd": 0.9592948453968981,
      "se": 0.025144564561721736,
      "z": 38.15118146278258,
      "p": 0.0,
      "odds_ratio_per_sd": 2.6098554728042944,
      "or_ci_per_sd": [
        2.4843511004159393,
        2.741700071212215
      ],
      "n_strata": 3600
    }
  },
  "leakage_auc_cell_bootstrap": {
    "point": 0.6981518775720165,
    "ci": [
      0.6744701993312757,
      0.7230274414866255
    ],
    "cluster_key": "cell",
    "n_clusters": 90,
    "n_boot": 2000
  },
  "exploitability_cell_bootstrap": {
    "point": 0.3612962962962962,
    "ci": [
      0.31443981481481487,
      0.4100092592592592
    ],
    "cluster_key": "cell",
    "n_clusters": 90,
    "n_boot": 2000
  }
}